{
  "TC_03_updatePetType" : {
    "transaction" : "TC_03_updatePetType",
    "sampleCount" : 8,
    "errorCount" : 0,
    "errorPct" : 0.0,
    "meanResTime" : 20.25,
    "medianResTime" : 13.5,
    "minResTime" : 11.0,
    "maxResTime" : 45.0,
    "pct1ResTime" : 45.0,
    "pct2ResTime" : 45.0,
    "pct3ResTime" : 45.0,
    "throughput" : 0.10804094751910974,
    "receivedKBytesPerSec" : 0.06275132181346729,
    "sentKBytesPerSec" : 0.02806532425789374
  },
  "Total" : {
    "transaction" : "Total",
    "sampleCount" : 32,
    "errorCount" : 0,
    "errorPct" : 0.0,
    "meanResTime" : 83.50000000000001,
    "medianResTime" : 15.0,
    "minResTime" : 11.0,
    "maxResTime" : 1129.0,
    "pct1ResTime" : 160.69999999999993,
    "pct2ResTime" : 858.5999999999991,
    "pct3ResTime" : 1129.0,
    "throughput" : 0.3756838620301017,
    "receivedKBytesPerSec" : 0.27553742236845197,
    "sentKBytesPerSec" : 0.07953243868721971
  },
  "TC_01_getAllPetTypes" : {
    "transaction" : "TC_01_getAllPetTypes",
    "sampleCount" : 15,
    "errorCount" : 0,
    "errorPct" : 0.0,
    "meanResTime" : 72.93333333333332,
    "medianResTime" : 15.0,
    "minResTime" : 13.0,
    "maxResTime" : 713.0,
    "pct1ResTime" : 351.8000000000002,
    "pct2ResTime" : 713.0,
    "pct3ResTime" : 713.0,
    "throughput" : 0.2113360666131282,
    "receivedKBytesPerSec" : 0.1726323976428984,
    "sentKBytesPerSec" : 0.03508508918382011
  },
  "TC_02_addPetTypes" : {
    "transaction" : "TC_02_addPetTypes",
    "sampleCount" : 9,
    "errorCount" : 0,
    "errorPct" : 0.0,
    "meanResTime" : 157.33333333333337,
    "medianResTime" : 16.0,
    "minResTime" : 12.0,
    "maxResTime" : 1129.0,
    "pct1ResTime" : 1129.0,
    "pct2ResTime" : 1129.0,
    "pct3ResTime" : 1129.0,
    "throughput" : 0.11067660296613296,
    "receivedKBytesPerSec" : 0.08079776310288005,
    "sentKBytesPerSec" : 0.02712873764111267
  }
}