{
  "TC_03_updatePetType" : {
    "transaction" : "TC_03_updatePetType",
    "sampleCount" : 8,
    "errorCount" : 0,
    "errorPct" : 0.0,
    "meanResTime" : 22.75,
    "medianResTime" : 17.5,
    "minResTime" : 11.0,
    "maxResTime" : 60.0,
    "pct1ResTime" : 60.0,
    "pct2ResTime" : 60.0,
    "pct3ResTime" : 60.0,
    "throughput" : 0.10694186372933014,
    "receivedKBytesPerSec" : 0.050533685851591424,
    "sentKBytesPerSec" : 0.03185280120844306
  },
  "Total" : {
    "transaction" : "Total",
    "sampleCount" : 32,
    "errorCount" : 0,
    "errorPct" : 0.0,
    "meanResTime" : 23.53125,
    "medianResTime" : 15.5,
    "minResTime" : 9.0,
    "maxResTime" : 116.0,
    "pct1ResTime" : 52.499999999999986,
    "pct2ResTime" : 110.14999999999998,
    "pct3ResTime" : 116.0,
    "throughput" : 0.3768119355180576,
    "receivedKBytesPerSec" : 0.23200014645620148,
    "sentKBytesPerSec" : 0.09412248816575015
  },
  "TC_02_addPetTypes" : {
    "transaction" : "TC_02_addPetTypes",
    "sampleCount" : 9,
    "errorCount" : 0,
    "errorPct" : 0.0,
    "meanResTime" : 27.0,
    "medianResTime" : 16.0,
    "minResTime" : 11.0,
    "maxResTime" : 107.0,
    "pct1ResTime" : 107.0,
    "pct2ResTime" : 107.0,
    "pct3ResTime" : 107.0,
    "throughput" : 0.11210064146478171,
    "receivedKBytesPerSec" : 0.07407692128043844,
    "sentKBytesPerSec" : 0.03174725197733076
  },
  "TC_01_getAllPetTypes" : {
    "transaction" : "TC_01_getAllPetTypes",
    "sampleCount" : 15,
    "errorCount" : 0,
    "errorPct" : 0.0,
    "meanResTime" : 21.866666666666664,
    "medianResTime" : 15.0,
    "minResTime" : 9.0,
    "maxResTime" : 116.0,
    "pct1ResTime" : 67.40000000000003,
    "pct2ResTime" : 116.0,
    "pct3ResTime" : 116.0,
    "throughput" : 0.21348666419970966,
    "receivedKBytesPerSec" : 0.14196307214426004,
    "sentKBytesPerSec" : 0.04357296173607355
  }
}