{
  "TC_03_updatePetType" : {
    "transaction" : "TC_03_updatePetType",
    "sampleCount" : 8,
    "errorCount" : 0,
    "errorPct" : 0.0,
    "meanResTime" : 31.0,
    "medianResTime" : 22.0,
    "minResTime" : 13.0,
    "maxResTime" : 84.0,
    "pct1ResTime" : 84.0,
    "pct2ResTime" : 84.0,
    "pct3ResTime" : 84.0,
    "throughput" : 0.10801177328328787,
    "receivedKBytesPerSec" : 0.051052439715929036,
    "sentKBytesPerSec" : 0.03217147544082305
  },
  "Total" : {
    "transaction" : "Total",
    "sampleCount" : 32,
    "errorCount" : 0,
    "errorPct" : 0.0,
    "meanResTime" : 111.43749999999997,
    "medianResTime" : 18.5,
    "minResTime" : 12.0,
    "maxResTime" : 950.0,
    "pct1ResTime" : 663.0999999999997,
    "pct2ResTime" : 914.8999999999999,
    "pct3ResTime" : 950.0,
    "throughput" : 0.37639973652018444,
    "receivedKBytesPerSec" : 0.23751273657311564,
    "sentKBytesPerSec" : 0.09401952647148772
  },
  "TC_01_getAllPetTypes" : {
    "transaction" : "TC_01_getAllPetTypes",
    "sampleCount" : 15,
    "errorCount" : 0,
    "errorPct" : 0.0,
    "meanResTime" : 131.0666666666667,
    "medianResTime" : 18.0,
    "minResTime" : 12.0,
    "maxResTime" : 896.0,
    "pct1ResTime" : 855.8000000000001,
    "pct2ResTime" : 896.0,
    "pct3ResTime" : 896.0,
    "throughput" : 0.21115756577558176,
    "receivedKBytesPerSec" : 0.14746661510902767,
    "sentKBytesPerSec" : 0.043097589108492755
  },
  "TC_02_addPetTypes" : {
    "transaction" : "TC_02_addPetTypes",
    "sampleCount" : 9,
    "errorCount" : 0,
    "errorPct" : 0.0,
    "meanResTime" : 150.22222222222223,
    "medianResTime" : 21.0,
    "minResTime" : 13.0,
    "maxResTime" : 950.0,
    "pct1ResTime" : 950.0,
    "pct2ResTime" : 950.0,
    "pct3ResTime" : 950.0,
    "throughput" : 0.1105583195135434,
    "receivedKBytesPerSec" : 0.07291378754376267,
    "sentKBytesPerSec" : 0.03131046158098397
  }
}