{
  "TC_03_updatePetType" : {
    "transaction" : "TC_03_updatePetType",
    "sampleCount" : 8,
    "errorCount" : 0,
    "errorPct" : 0.0,
    "meanResTime" : 139.50000000000003,
    "medianResTime" : 24.0,
    "minResTime" : 15.0,
    "maxResTime" : 695.0,
    "pct1ResTime" : 695.0,
    "pct2ResTime" : 695.0,
    "pct3ResTime" : 695.0,
    "throughput" : 0.10637590585732332,
    "receivedKBytesPerSec" : 0.050266251412805,
    "sentKBytesPerSec" : 0.03168422977195665
  },
  "Total" : {
    "transaction" : "Total",
    "sampleCount" : 32,
    "errorCount" : 0,
    "errorPct" : 0.0,
    "meanResTime" : 100.9375,
    "medianResTime" : 20.0,
    "minResTime" : 11.0,
    "maxResTime" : 924.0,
    "pct1ResTime" : 528.7999999999997,
    "pct2ResTime" : 775.1499999999995,
    "pct3ResTime" : 924.0,
    "throughput" : 0.3749311649814292,
    "receivedKBytesPerSec" : 0.22916019812768748,
    "sentKBytesPerSec" : 0.09365269730752557
  },
  "TC_02_addPetTypes" : {
    "transaction" : "TC_02_addPetTypes",
    "sampleCount" : 9,
    "errorCount" : 0,
    "errorPct" : 0.0,
    "meanResTime" : 32.888888888888886,
    "medianResTime" : 16.0,
    "minResTime" : 12.0,
    "maxResTime" : 124.0,
    "pct1ResTime" : 124.0,
    "pct2ResTime" : 124.0,
    "pct3ResTime" : 124.0,
    "throughput" : 0.11113992516578372,
    "receivedKBytesPerSec" : 0.0734661918522086,
    "sentKBytesPerSec" : 0.03147517411921609
  },
  "TC_01_getAllPetTypes" : {
    "transaction" : "TC_01_getAllPetTypes",
    "sampleCount" : 15,
    "errorCount" : 0,
    "errorPct" : 0.0,
    "meanResTime" : 121.20000000000003,
    "medianResTime" : 19.0,
    "minResTime" : 11.0,
    "maxResTime" : 924.0,
    "pct1ResTime" : 765.0000000000001,
    "pct2ResTime" : 924.0,
    "pct3ResTime" : 924.0,
    "throughput" : 0.2116491703352523,
    "receivedKBytesPerSec" : 0.13868807938960379,
    "sentKBytesPerSec" : 0.04319792636725364
  }
}