{
  "TC_03_updatePetType" : {
    "transaction" : "TC_03_updatePetType",
    "sampleCount" : 8,
    "errorCount" : 0,
    "errorPct" : 0.0,
    "meanResTime" : 144.87499999999997,
    "medianResTime" : 19.5,
    "minResTime" : 17.0,
    "maxResTime" : 809.0,
    "pct1ResTime" : 809.0,
    "pct2ResTime" : 809.0,
    "pct3ResTime" : 809.0,
    "throughput" : 0.10695616134336938,
    "receivedKBytesPerSec" : 0.05055349813495194,
    "sentKBytesPerSec" : 0.03185705977512467
  },
  "Total" : {
    "transaction" : "Total",
    "sampleCount" : 32,
    "errorCount" : 0,
    "errorPct" : 0.0,
    "meanResTime" : 125.34375000000006,
    "medianResTime" : 18.0,
    "minResTime" : 12.0,
    "maxResTime" : 1234.0,
    "pct1ResTime" : 637.3999999999996,
    "pct2ResTime" : 1156.6499999999996,
    "pct3ResTime" : 1234.0,
    "throughput" : 0.37676313372736475,
    "receivedKBytesPerSec" : 0.23030290431393788,
    "sentKBytesPerSec" : 0.09411029814326419
  },
  "TC_02_addPetTypes" : {
    "transaction" : "TC_02_addPetTypes",
    "sampleCount" : 9,
    "errorCount" : 0,
    "errorPct" : 0.0,
    "meanResTime" : 28.0,
    "medianResTime" : 15.0,
    "minResTime" : 12.0,
    "maxResTime" : 130.0,
    "pct1ResTime" : 130.0,
    "pct2ResTime" : 130.0,
    "pct3ResTime" : 130.0,
    "throughput" : 0.11072017321555988,
    "receivedKBytesPerSec" : 0.07320073951849027,
    "sentKBytesPerSec" : 0.03135629905518785
  },
  "TC_01_getAllPetTypes" : {
    "transaction" : "TC_01_getAllPetTypes",
    "sampleCount" : 15,
    "errorCount" : 0,
    "errorPct" : 0.0,
    "meanResTime" : 173.33333333333334,
    "medianResTime" : 18.0,
    "minResTime" : 12.0,
    "maxResTime" : 1234.0,
    "pct1ResTime" : 1162.6000000000001,
    "pct2ResTime" : 1234.0,
    "pct3ResTime" : 1234.0,
    "throughput" : 0.2100899184851116,
    "receivedKBytesPerSec" : 0.13766634306983389,
    "sentKBytesPerSec" : 0.042879680628308915
  }
}