{
  "TC_03_updatePetType" : {
    "transaction" : "TC_03_updatePetType",
    "sampleCount" : 8,
    "errorCount" : 0,
    "errorPct" : 0.0,
    "meanResTime" : 18.75,
    "medianResTime" : 14.5,
    "minResTime" : 12.0,
    "maxResTime" : 37.0,
    "pct1ResTime" : 37.0,
    "pct2ResTime" : 37.0,
    "pct3ResTime" : 37.0,
    "throughput" : 0.10680765276832085,
    "receivedKBytesPerSec" : 0.05045722854167501,
    "sentKBytesPerSec" : 0.031812826264001816
  },
  "Total" : {
    "transaction" : "Total",
    "sampleCount" : 32,
    "errorCount" : 0,
    "errorPct" : 0.0,
    "meanResTime" : 20.375,
    "medianResTime" : 12.5,
    "minResTime" : 7.0,
    "maxResTime" : 100.0,
    "pct1ResTime" : 46.099999999999994,
    "pct2ResTime" : 98.69999999999999,
    "pct3ResTime" : 100.0,
    "throughput" : 0.3764484442091642,
    "receivedKBytesPerSec" : 0.23191420725251458,
    "sentKBytesPerSec" : 0.09403169298864773
  },
  "TC_01_getAllPetTypes" : {
    "transaction" : "TC_01_getAllPetTypes",
    "sampleCount" : 15,
    "errorCount" : 0,
    "errorPct" : 0.0,
    "meanResTime" : 21.2,
    "medianResTime" : 12.0,
    "minResTime" : 10.0,
    "maxResTime" : 98.0,
    "pct1ResTime" : 69.20000000000002,
    "pct2ResTime" : 98.0,
    "pct3ResTime" : 98.0,
    "throughput" : 0.2134927412467976,
    "receivedKBytesPerSec" : 0.14188371762026758,
    "sentKBytesPerSec" : 0.043574202070879586
  },
  "TC_02_addPetTypes" : {
    "transaction" : "TC_02_addPetTypes",
    "sampleCount" : 9,
    "errorCount" : 0,
    "errorPct" : 0.0,
    "meanResTime" : 20.444444444444443,
    "medianResTime" : 8.0,
    "minResTime" : 7.0,
    "maxResTime" : 100.0,
    "pct1ResTime" : 100.0,
    "pct2ResTime" : 100.0,
    "pct3ResTime" : 100.0,
    "throughput" : 0.11216770317933124,
    "receivedKBytesPerSec" : 0.0743524846704139,
    "sentKBytesPerSec" : 0.03176624406445904
  }
}