{
  "Total" : {
    "transaction" : "Total",
    "sampleCount" : 17,
    "errorCount" : 2,
    "errorPct" : 11.764706,
    "meanResTime" : 30799.29411764706,
    "medianResTime" : 21.0,
    "minResTime" : 13.0,
    "maxResTime" : 261276.0,
    "pct1ResTime" : 260833.6,
    "pct2ResTime" : 261276.0,
    "pct3ResTime" : 261276.0,
    "throughput" : 0.061680913748312846,
    "receivedKBytesPerSec" : 0.05590541458644761,
    "sentKBytesPerSec" : 0.011108091946286808
  },
  "TC_01_getAllPetTypes" : {
    "transaction" : "TC_01_getAllPetTypes",
    "sampleCount" : 15,
    "errorCount" : 0,
    "errorPct" : 0.0,
    "meanResTime" : 105.93333333333334,
    "medianResTime" : 17.0,
    "minResTime" : 13.0,
    "maxResTime" : 705.0,
    "pct1ResTime" : 658.2,
    "pct2ResTime" : 705.0,
    "pct3ResTime" : 705.0,
    "throughput" : 0.21159841442254793,
    "receivedKBytesPerSec" : 0.13759407312841204,
    "sentKBytesPerSec" : 0.04318756700616457
  },
  "TC_02_addPetTypes" : {
    "transaction" : "TC_02_addPetTypes",
    "sampleCount" : 2,
    "errorCount" : 2,
    "errorPct" : 100.0,
    "meanResTime" : 260999.5,
    "medianResTime" : 260999.5,
    "minResTime" : 260723.0,
    "maxResTime" : 261276.0,
    "pct1ResTime" : 261276.0,
    "pct2ResTime" : 261276.0,
    "pct3ResTime" : 261276.0,
    "throughput" : 0.007256578088036806,
    "receivedKBytesPerSec" : 0.02051542340318999,
    "sentKBytesPerSec" : 0.0
  }
}