{
  "TC_03_updatePetType" : {
    "transaction" : "TC_03_updatePetType",
    "sampleCount" : 8,
    "errorCount" : 0,
    "errorPct" : 0.0,
    "meanResTime" : 15.125,
    "medianResTime" : 15.5,
    "minResTime" : 10.0,
    "maxResTime" : 19.0,
    "pct1ResTime" : 19.0,
    "pct2ResTime" : 19.0,
    "pct3ResTime" : 19.0,
    "throughput" : 0.10684331427960896,
    "receivedKBytesPerSec" : 0.050500160264971415,
    "sentKBytesPerSec" : 0.03182344810086009
  },
  "Total" : {
    "transaction" : "Total",
    "sampleCount" : 32,
    "errorCount" : 0,
    "errorPct" : 0.0,
    "meanResTime" : 19.0,
    "medianResTime" : 12.5,
    "minResTime" : 7.0,
    "maxResTime" : 105.0,
    "pct1ResTime" : 39.99999999999998,
    "pct2ResTime" : 91.99999999999996,
    "pct3ResTime" : 105.0,
    "throughput" : 0.3766079393661218,
    "receivedKBytesPerSec" : 0.23203545190010477,
    "sentKBytesPerSec" : 0.09407153270604574
  },
  "TC_02_addPetTypes" : {
    "transaction" : "TC_02_addPetTypes",
    "sampleCount" : 9,
    "errorCount" : 0,
    "errorPct" : 0.0,
    "meanResTime" : 18.77777777777778,
    "medianResTime" : 9.0,
    "minResTime" : 7.0,
    "maxResTime" : 85.0,
    "pct1ResTime" : 85.0,
    "pct2ResTime" : 85.0,
    "pct3ResTime" : 85.0,
    "throughput" : 0.11221805214398822,
    "receivedKBytesPerSec" : 0.07438585943442103,
    "sentKBytesPerSec" : 0.03178050304859042
  },
  "TC_01_getAllPetTypes" : {
    "transaction" : "TC_01_getAllPetTypes",
    "sampleCount" : 15,
    "errorCount" : 0,
    "errorPct" : 0.0,
    "meanResTime" : 21.199999999999996,
    "medianResTime" : 12.0,
    "minResTime" : 9.0,
    "maxResTime" : 105.0,
    "pct1ResTime" : 71.40000000000002,
    "pct2ResTime" : 105.0,
    "pct3ResTime" : 105.0,
    "throughput" : 0.21354441011915778,
    "receivedKBytesPerSec" : 0.1419180558916903,
    "sentKBytesPerSec" : 0.04358474776846092
  }
}