{
  "TC_03_updatePetType" : {
    "transaction" : "TC_03_updatePetType",
    "sampleCount" : 8,
    "errorCount" : 0,
    "errorPct" : 0.0,
    "meanResTime" : 23.375000000000004,
    "medianResTime" : 13.5,
    "minResTime" : 12.0,
    "maxResTime" : 54.0,
    "pct1ResTime" : 54.0,
    "pct2ResTime" : 54.0,
    "pct3ResTime" : 54.0,
    "throughput" : 0.10800594032671797,
    "receivedKBytesPerSec" : 0.06274417358579723,
    "sentKBytesPerSec" : 0.0280562305926826
  },
  "Total" : {
    "transaction" : "Total",
    "sampleCount" : 32,
    "errorCount" : 0,
    "errorPct" : 0.0,
    "meanResTime" : 101.93749999999997,
    "medianResTime" : 14.0,
    "minResTime" : 11.0,
    "maxResTime" : 956.0,
    "pct1ResTime" : 432.09999999999974,
    "pct2ResTime" : 955.35,
    "pct3ResTime" : 956.0,
    "throughput" : 0.3762846593447943,
    "receivedKBytesPerSec" : 0.2747608350873686,
    "sentKBytesPerSec" : 0.0796596277427624
  },
  "TC_02_addPetTypes" : {
    "transaction" : "TC_02_addPetTypes",
    "sampleCount" : 9,
    "errorCount" : 0,
    "errorPct" : 0.0,
    "meanResTime" : 135.55555555555554,
    "medianResTime" : 14.0,
    "minResTime" : 12.0,
    "maxResTime" : 956.0,
    "pct1ResTime" : 956.0,
    "pct2ResTime" : 956.0,
    "pct3ResTime" : 956.0,
    "throughput" : 0.11072562190890972,
    "receivedKBytesPerSec" : 0.08084556313205876,
    "sentKBytesPerSec" : 0.027140753026500333
  },
  "TC_01_getAllPetTypes" : {
    "transaction" : "TC_01_getAllPetTypes",
    "sampleCount" : 15,
    "errorCount" : 0,
    "errorPct" : 0.0,
    "meanResTime" : 123.66666666666666,
    "medianResTime" : 14.0,
    "minResTime" : 11.0,
    "maxResTime" : 955.0,
    "pct1ResTime" : 710.2000000000002,
    "pct2ResTime" : 955.0,
    "pct3ResTime" : 955.0,
    "throughput" : 0.21102091920712407,
    "receivedKBytesPerSec" : 0.17089122487092553,
    "sentKBytesPerSec" : 0.03503276979024521
  }
}